tic,eligible_non_toi_ctoi_rank,batch_offset,batch_count
391039604,1,0,80
79611981,2,0,80
274127413,3,0,80
190138951,4,0,80
289113766,5,0,80
452882423,6,0,80
219223742,7,0,80
454682563,8,0,80
316627328,9,0,80
103245015,10,0,80
406857100,11,0,80
390531051,12,0,80
445064836,13,0,80
192642951,14,0,80
273369281,15,0,80
176935123,16,0,80
63781635,17,0,80
405503787,18,0,80
381983159,19,0,80
420130591,20,0,80
31381302,21,0,80
340009136,22,0,80
233068870,23,0,80
407688400,24,0,80
370955883,25,0,80
417153632,26,0,80
123480394,27,0,80
175516858,28,0,80
428681517,29,0,80
389051009,30,0,80
357187278,31,0,80
35025268,32,0,80
57984826,33,0,80
449046160,34,0,80
252110114,35,0,80
22535327,36,0,80
3127674,37,0,80
161174286,38,0,80
28053247,39,0,80
161174284,40,0,80
342888854,41,0,80
362379202,42,0,80
71678774,43,0,80
35858101,44,0,80
201878287,45,0,80
49306639,46,0,80
358615829,47,0,80
35845292,48,0,80
355147124,49,0,80
166174962,50,0,80
328401671,51,0,80
352617553,52,0,80
131799991,53,0,80
259901346,54,0,80
401834404,55,0,80
351808240,56,0,80
232970271,57,0,80
412650616,58,0,80
24108819,59,0,80
201792346,60,0,80
397098265,61,0,80
165945176,62,0,80
152851749,63,0,80
303301402,64,0,80
171648455,65,0,80
43213934,66,0,80
231733039,67,0,80
201688405,68,0,80
57031043,69,0,80
106504397,70,0,80
206402318,71,0,80
91924437,72,0,80
202378759,73,0,80
165993932,74,0,80
469392302,75,0,80
405981059,76,0,80
202280283,77,0,80
17970570,78,0,80
149415767,79,0,80
27117515,80,0,80
8527476,81,80,160
289575374,82,80,160
279293709,83,80,160
422351737,84,80,160
255932726,85,80,160
391099465,86,80,160
115656691,87,80,160
5597639,88,80,160
285129058,89,80,160
137025855,90,80,160
261396626,91,80,160
54144488,92,80,160
268860915,93,80,160
116244652,94,80,160
274626553,95,80,160
280801342,96,80,160
457464640,97,80,160
232607684,98,80,160
306114021,99,80,160
148359442,100,80,160
274845559,101,80,160
169747618,102,80,160
358237020,103,80,160
262465715,104,80,160
434261118,105,80,160
317180704,106,80,160
154070383,107,80,160
239154651,108,80,160
169228466,109,80,160
2835989,110,80,160
166006493,111,80,160
288314668,112,80,160
166650364,113,80,160
154998483,114,80,160
328463799,115,80,160
397635513,116,80,160
30947458,117,80,160
360020321,118,80,160
273647353,119,80,160
238950307,120,80,160
137649696,121,80,160
236770208,122,80,160
445018193,123,80,160
214972970,124,80,160
38141631,125,80,160
425717549,126,80,160
180672231,127,80,160
288452865,128,80,160
362063292,129,80,160
135140399,130,80,160
25605269,131,80,160
388087903,132,80,160
165830128,133,80,160
234526939,134,80,160
207339173,135,80,160
406517901,136,80,160
9378238,137,80,160
400891204,138,80,160
315301271,139,80,160
320208632,140,80,160
257398691,141,80,160
323057249,142,80,160
52183206,143,80,160
422846384,144,80,160
461635002,145,80,160
298336896,146,80,160
158534472,147,80,160
166832907,148,80,160
47973606,149,80,160
167812509,150,80,160
8347680,151,80,160
158032985,152,80,160
467465371,153,80,160
271883146,154,80,160
94368565,155,80,160
28069786,156,80,160
67402669,157,80,160
317837723,158,80,160
459181676,159,80,160
441466487,160,80,160
156171605,161,80,160
121305264,162,80,160
240821194,163,80,160
122136861,164,80,160
80859893,165,80,160
31792609,166,80,160
78449800,167,80,160
165162636,168,80,160
147207061,169,80,160
156491690,170,80,160
166073877,171,80,160
114504403,172,80,160
283784435,173,80,160
17562763,174,80,160
288953054,175,80,160
220146061,176,80,160
290647853,177,80,160
322777970,178,80,160
85462495,179,80,160
157853745,180,80,160
20305594,181,80,160
9882031,182,80,160
36202057,183,80,160
362253884,184,80,160
401532771,185,80,160
179232002,186,80,160
289719891,187,80,160
281193283,188,80,160
198104202,189,80,160
325278705,190,80,160
231973593,191,80,160
452465896,192,80,160
382521361,193,80,160
146428154,194,80,160
458453130,195,80,160
27416154,196,80,160
126319133,197,80,160
366174207,198,80,160
364075630,199,80,160
466538554,200,80,160
445863003,201,80,160
286898565,202,80,160
172601525,203,80,160
32050414,204,80,160
38698751,205,80,160
57185991,206,80,160
407657403,207,80,160
85644939,208,80,160
137729107,209,80,160
71262585,210,80,160
365949661,211,80,160
242064626,212,80,160
88722227,213,80,160
441507745,214,80,160
7150628,215,80,160
24186139,216,80,160
297905922,217,80,160
1630433,218,80,160
366872042,219,80,160
103632048,220,80,160
39464614,221,80,160
15420746,222,80,160
219775481,223,80,160
141154638,224,80,160
386740034,225,80,160
436631912,226,80,160
389902064,227,80,160
448939026,228,80,160
329291443,229,80,160
113425376,230,80,160
258399091,231,80,160
459255955,232,80,160
307616783,233,80,160
316976049,234,80,160
278614475,235,80,160
120609299,236,80,160
229647609,237,80,160
53897002,238,80,160
250834020,239,80,160
60421412,240,80,160
268626115,241,240,260
250189641,242,240,260
15231995,243,240,260
142940412,244,240,260
188691615,245,240,260
311931991,246,240,260
7723060,247,240,260
290183543,248,240,260
207339690,249,240,260
302444623,250,240,260
341787179,251,240,260
207492082,252,240,260
22872366,253,240,260
235711434,254,240,260
229575381,255,240,260
457748137,256,240,260
179279545,257,240,260
203476189,258,240,260
138560336,259,240,260
286332367,260,240,260
306262188,261,240,260
316880751,262,240,260
67072736,263,240,260
309707247,264,240,260
170636897,265,240,260
24344174,266,240,260
159584661,267,240,260
209394625,268,240,260
253790710,269,240,260
249744004,270,240,260
21650187,271,240,260
189565557,272,240,260
238010220,273,240,260
39084331,274,240,260
183588144,275,240,260
160264738,276,240,260
105577069,277,240,260
230437453,278,240,260
268337013,279,240,260
415009765,280,240,260
450348875,281,240,260
371901012,282,240,260
149423103,283,240,260
371867468,284,240,260
382461771,285,240,260
308664596,286,240,260
117489874,287,240,260
55752859,288,240,260
383553281,289,240,260
289589923,290,240,260
424389265,291,240,260
165122755,292,240,260
117123283,293,240,260
154567574,294,240,260
23872097,295,240,260
144654557,296,240,260
448416124,297,240,260
238034112,298,240,260
286945883,299,240,260
313625338,300,240,260
284190375,301,240,260
3818153,302,240,260
200924141,303,240,260
441803471,304,240,260
99329966,305,240,260
283869316,306,240,260
132157954,307,240,260
148497173,308,240,260
376935746,309,240,260
103581155,310,240,260
427466954,311,240,260
137605535,312,240,260
429000467,313,240,260
347308021,314,240,260
44739264,315,240,260
277771912,316,240,260
329118618,317,240,260
150387899,318,240,260
356838394,319,240,260
152475404,320,240,260
186130100,321,240,260
233640927,322,240,260
310128088,323,240,260
167525513,324,240,260
323598320,325,240,260
289909994,326,240,260
17470294,327,240,260
427809432,328,240,260
399623138,329,240,260
287254711,330,240,260
229152539,331,240,260
364181187,332,240,260
285042210,333,240,260
273589987,334,240,260
392917676,335,240,260
197987557,336,240,260
271946648,337,240,260
390465657,338,240,260
10149468,339,240,260
162239797,340,240,260
219773818,341,240,260
61334091,342,240,260
408232559,343,240,260
334519921,344,240,260
309416650,345,240,260
168767379,346,240,260
290408720,347,240,260
258280834,348,240,260
349374765,349,240,260
70901653,350,240,260
180695497,351,240,260
290777240,352,240,260
300577723,353,240,260
9069250,354,240,260
158710279,355,240,260
373985178,356,240,260
454876960,357,240,260
57186214,358,240,260
164829562,359,240,260
417767357,360,240,260
94933725,361,240,260
30943870,362,240,260
445863676,363,240,260
157631248,364,240,260
231008047,365,240,260
219704346,366,240,260
149470658,367,240,260
257798328,368,240,260
207238086,369,240,260
441721594,370,240,260
270672809,371,240,260
27351599,372,240,260
121593546,373,240,260
367598907,374,240,260
322860313,375,240,260
53523370,376,240,260
232612888,377,240,260
139651630,378,240,260
366778750,379,240,260
105513234,380,240,260
229157898,381,240,260
160227297,382,240,260
309850275,383,240,260
351697960,384,240,260
274393297,385,240,260
142086813,386,240,260
86265580,387,240,260
459211861,388,240,260
156152779,389,240,260
38541212,390,240,260
440955956,391,240,260
278615421,392,240,260
156152778,393,240,260
272748597,394,240,260
357509778,395,240,260
416576682,396,240,260
161028382,397,240,260
175456846,398,240,260
148968978,399,240,260
287148041,400,240,260
286944183,401,240,260
9200076,402,240,260
22007699,403,240,260
206361339,404,240,260
289972535,405,240,260
365967778,406,240,260
9825486,407,240,260
23580752,408,240,260
166088525,409,240,260
232981773,410,240,260
31704987,411,240,260
155441032,412,240,260
441410570,413,240,260
224289450,414,240,260
129365196,415,240,260
39980837,416,240,260
436230630,417,240,260
22413602,418,240,260
101717144,419,240,260
231815113,420,240,260
231917352,421,240,260
264178910,422,240,260
219881072,423,240,260
328591096,424,240,260
252748546,425,240,260
71432847,426,240,260
236391010,427,240,260
27435948,428,240,260
328254412,429,240,260
354785188,430,240,260
369869349,431,240,260
290949039,432,240,260
229404121,433,240,260
389913701,434,240,260
63052569,435,240,260
342888849,436,240,260
122669742,437,240,260
356090892,438,240,260
369819319,439,240,260
158035258,440,240,260
407457207,441,240,260
137726810,442,240,260
469952937,443,240,260
462637035,444,240,260
359414978,445,240,260
21898604,446,240,260
86339165,447,240,260
117817258,448,240,260
273515033,449,240,260
44647136,450,240,260
192847535,451,240,260
179048228,452,240,260
201251167,453,240,260
288512235,454,240,260
207148580,455,240,260
345874162,456,240,260
198080032,457,240,260
188819782,458,240,260
394816687,459,240,260
282427587,460,240,260
313386497,461,240,260
341267102,462,240,260
61587960,463,240,260
219463771,464,240,260
309781635,465,240,260
25153167,466,240,260
233463911,467,240,260
157246219,468,240,260
158319116,469,240,260
219884888,470,240,260
232048036,471,240,260
165715382,472,240,260
309434653,473,240,260
301894987,474,240,260
348772142,475,240,260
352949913,476,240,260
387070235,477,240,260
427323148,478,240,260
24090627,479,240,260
122832965,480,240,260
469952974,481,240,260
410366850,482,240,260
200784259,483,240,260
469971792,484,240,260
155894324,485,240,260
318606698,486,240,260
467254810,487,240,260
13955081,488,240,260
358015762,489,240,260
417114341,490,240,260
229565468,491,240,260
289567943,492,240,260
161614517,493,240,260
177036977,494,240,260
27322306,495,240,260
89032185,496,240,260
233049114,497,240,260
441067400,498,240,260
180696669,499,240,260
312885008,500,240,260
165599289,501,500,500
271642286,502,500,500
298160985,503,500,500
282923395,504,500,500
429759333,505,500,500
235564220,506,500,500
285903673,507,500,500
459837153,508,500,500
160222231,509,500,500
231057252,510,500,500
282052574,511,500,500
284800109,512,500,500
415707542,513,500,500
356062524,514,500,500
349645035,515,500,500
293686825,516,500,500
323429176,517,500,500
219824489,518,500,500
159183511,519,500,500
229142295,520,500,500
367359428,521,500,500
287350462,522,500,500
341845611,523,500,500
319474472,524,500,500
219244444,525,500,500
26417386,526,500,500
188694544,527,500,500
335797473,528,500,500
77178716,529,500,500
372061167,530,500,500
232521209,531,500,500
99505950,532,500,500
348795308,533,500,500
136403599,534,500,500
219855010,535,500,500
99540776,536,500,500
49190174,537,500,500
198614833,538,500,500
233070089,539,500,500
146837940,540,500,500
233176655,541,500,500
259373187,542,500,500
396740078,543,500,500
168726017,544,500,500
238030337,545,500,500
230090756,546,500,500
233170203,547,500,500
52932529,548,500,500
141821609,549,500,500
467361606,550,500,500
164644375,551,500,500
115172395,552,500,500
219037593,553,500,500
343268431,554,500,500
85536691,555,500,500
337705501,556,500,500
165528645,557,500,500
193948885,558,500,500
161554904,559,500,500
229535299,560,500,500
220423218,561,500,500
172405494,562,500,500
356241590,563,500,500
258680351,564,500,500
261333545,565,500,500
81506915,566,500,500
11914170,567,500,500
424801289,568,500,500
459192460,569,500,500
186236329,570,500,500
467178450,571,500,500
39466100,572,500,500
326209200,573,500,500
320209338,574,500,500
367357090,575,500,500
161746333,576,500,500
349683816,577,500,500
86273642,578,500,500
141676416,579,500,500
123013596,580,500,500
238041040,581,500,500
183494855,582,500,500
394244919,583,500,500
219502530,584,500,500
349306411,585,500,500
158213116,586,500,500
199574208,587,500,500
220433364,588,500,500
33880418,589,500,500
22021999,590,500,500
230050730,591,500,500
77340625,592,500,500
103199821,593,500,500
334802880,594,500,500
102678706,595,500,500
459225605,596,500,500
451530352,597,500,500
387998188,598,500,500
219872288,599,500,500
7695962,600,500,500
264992033,601,500,500
141209440,602,500,500
372595278,603,500,500
256771035,604,500,500
288404936,605,500,500
467302128,606,500,500
418289392,607,500,500
295017824,608,500,500
13385270,609,500,500
288634843,610,500,500
240403586,611,500,500
200805651,612,500,500
396741152,613,500,500
297823453,614,500,500
229455419,615,500,500
354287347,616,500,500
468874504,617,500,500
28694153,618,500,500
142086812,619,500,500
389839182,620,500,500
420801158,621,500,500
303911833,622,500,500
259701898,623,500,500
313975570,624,500,500
162462099,625,500,500
357831022,626,500,500
293164461,627,500,500
343722317,628,500,500
306357678,629,500,500
286126698,630,500,500
418223113,631,500,500
369707376,632,500,500
294093302,633,500,500
167460835,634,500,500
269105266,635,500,500
379084450,636,500,500
142319503,637,500,500
141433914,638,500,500
382581300,639,500,500
28286950,640,500,500
233738219,641,500,500
136995130,642,500,500
142963210,643,500,500
287149955,644,500,500
19913469,645,500,500
272232401,646,500,500
167042097,647,500,500
256516370,648,500,500
328799321,649,500,500
63126862,650,500,500
137499354,651,500,500
230060668,652,500,500
454816904,653,500,500
159505118,654,500,500
219733024,655,500,500
322391844,656,500,500
149988104,657,500,500
236320474,658,500,500
28260969,659,500,500
361113777,660,500,500
327188003,661,500,500
344097064,662,500,500
207398617,663,500,500
139693738,664,500,500
219369255,665,500,500
41317489,666,500,500
123096698,667,500,500
74185907,668,500,500
334483267,669,500,500
417919247,670,500,500
132767357,671,500,500
459220510,672,500,500
147671245,673,500,500
237199341,674,500,500
138649216,675,500,500
359158317,676,500,500
201794109,677,500,500
368923404,678,500,500
237915132,679,500,500
150342546,680,500,500
272279254,681,500,500
44799420,682,500,500
444415612,683,500,500
373675061,684,500,500
316417885,685,500,500
188777430,686,500,500
441740483,687,500,500
388606196,688,500,500
235062311,689,500,500
343410928,690,500,500
306980405,691,500,500
22742321,692,500,500
142979644,693,500,500
290305163,694,500,500
338288128,695,500,500
310657449,696,500,500
140689204,697,500,500
156495056,698,500,500
157912382,699,500,500
116306164,700,500,500
7739195,701,500,500
138579249,702,500,500
219004642,703,500,500
316976676,704,500,500
317475082,705,500,500
260972843,706,500,500
77289083,707,500,500
267858535,708,500,500
418291587,709,500,500
229614158,710,500,500
24796342,711,500,500
159818290,712,500,500
397137307,713,500,500
138073313,714,500,500
229738650,715,500,500
136945631,716,500,500
231022436,717,500,500
354572301,718,500,500
441664609,719,500,500
233306304,720,500,500
310836370,721,500,500
39427536,722,500,500
384667852,723,500,500
168873515,724,500,500
151827657,725,500,500
284596951,726,500,500
259861569,727,500,500
7422813,728,500,500
276976190,729,500,500
336538915,730,500,500
130093212,731,500,500
81352708,732,500,500
321816376,733,500,500
68073008,734,500,500
200368010,735,500,500
309857585,736,500,500
338137771,737,500,500
115287939,738,500,500
32677026,739,500,500
160602790,740,500,500
172994232,741,500,500
156004616,742,500,500
165688799,743,500,500
248070834,744,500,500
273631732,745,500,500
357397987,746,500,500
150359500,747,500,500
4510637,748,500,500
88780524,749,500,500
167010837,750,500,500
138471034,751,500,500
162337456,752,500,500
298265889,753,500,500
142808731,754,500,500
165721554,755,500,500
359356484,756,500,500
77318593,757,500,500
302923645,758,500,500
154341239,759,500,500
176948652,760,500,500
358767556,761,500,500
180972066,762,500,500
441686652,763,500,500
142439770,764,500,500
78823293,765,500,500
180671104,766,500,500
394730744,767,500,500
68766754,768,500,500
343404892,769,500,500
160491312,770,500,500
219223683,771,500,500
198150180,772,500,500
461595886,773,500,500
142738700,774,500,500
103298945,775,500,500
160228580,776,500,500
220433363,777,500,500
316451175,778,500,500
468297427,779,500,500
159190480,780,500,500
231833973,781,500,500
233461993,782,500,500
406484174,783,500,500
445367562,784,500,500
378527773,785,500,500
427515821,786,500,500
339956143,787,500,500
346565207,788,500,500
224303868,789,500,500
166012664,790,500,500
383381662,791,500,500
408094624,792,500,500
367681716,793,500,500
334651091,794,500,500
44646061,795,500,500
142980026,796,500,500
275190266,797,500,500
229400552,798,500,500
355918065,799,500,500
295893467,800,500,500
102903258,801,500,500
180628643,802,500,500
57160643,803,500,500
333278247,804,500,500
361871362,805,500,500
141247467,806,500,500
150100106,807,500,500
129810476,808,500,500
288516176,809,500,500
188777432,810,500,500
159302845,811,500,500
145284936,812,500,500
229535724,813,500,500
382268851,814,500,500
431383040,815,500,500
27349742,816,500,500
289922302,817,500,500
219376911,818,500,500
86231880,819,500,500
404507259,820,500,500
334799215,821,500,500
355867542,822,500,500
408702840,823,500,500
24692354,824,500,500
405253504,825,500,500
231290860,826,500,500
370004962,827,500,500
428738405,828,500,500
336541591,829,500,500
344290932,830,500,500
82365136,831,500,500
397533163,832,500,500
156462029,833,500,500
148969057,834,500,500
445835414,835,500,500
377862259,836,500,500
307438562,837,500,500
355704636,838,500,500
86231879,839,500,500
272781325,840,500,500
388566010,841,500,500
421856903,842,500,500
142439883,843,500,500
229158889,844,500,500
150362418,845,500,500
219823668,846,500,500
234504902,847,500,500
307290964,848,500,500
404449695,849,500,500
449798870,850,500,500
259374524,851,500,500
232075203,852,500,500
287444500,853,500,500
233959273,854,500,500
27350220,855,500,500
367856004,856,500,500
177313167,857,500,500
279674929,858,500,500
316404611,859,500,500
341417608,860,500,500
284892663,861,500,500
350734035,862,500,500
444830499,863,500,500
393894294,864,500,500
344136084,865,500,500
399912139,866,500,500
142442450,867,500,500
201289286,868,500,500
416781089,869,500,500
118539745,870,500,500
313610499,871,500,500
328800211,872,500,500
146730512,873,500,500
149927512,874,500,500
305794603,875,500,500
54469098,876,500,500
380035826,877,500,500
427919495,878,500,500
288507043,879,500,500
279742501,880,500,500
160270470,881,500,500
199659329,882,500,500
374029463,883,500,500
289536553,884,500,500
272635703,885,500,500
158014412,886,500,500
154090326,887,500,500
143394037,888,500,500
141029712,889,500,500
173614751,890,500,500
220554236,891,500,500
441606549,892,500,500
302554247,893,500,500
445285461,894,500,500
59605392,895,500,500
417118702,896,500,500
417235334,897,500,500
197866266,898,500,500
24622364,899,500,500
229744768,900,500,500
441811392,901,500,500
229572009,902,500,500
219480910,903,500,500
161725589,904,500,500
334835095,905,500,500
364264680,906,500,500
137158728,907,500,500
260609189,908,500,500
38759628,909,500,500
402980664,910,500,500
57231454,911,500,500
372731881,912,500,500
215402573,913,500,500
147948928,914,500,500
317394133,915,500,500
156495054,916,500,500
350433330,917,500,500
237076895,918,500,500
177385959,919,500,500
375273689,920,500,500
376639349,921,500,500
312546580,922,500,500
153949589,923,500,500
344012137,924,500,500
24088071,925,500,500
442897934,926,500,500
44795539,927,500,500
350708370,928,500,500
166004965,929,500,500
176955267,930,500,500
446157830,931,500,500
441628564,932,500,500
367279806,933,500,500
8589633,934,500,500
350342912,935,500,500
207211020,936,500,500
279354493,937,500,500
183641863,938,500,500
321595102,939,500,500
441605415,940,500,500
417839594,941,500,500
454281036,942,500,500
232814030,943,500,500
395602605,944,500,500
293162811,945,500,500
153977439,946,500,500
142563406,947,500,500
461592543,948,500,500
196947528,949,500,500
199573123,950,500,500
201292812,951,500,500
13238985,952,500,500
86378567,953,500,500
232524921,954,500,500
160115906,955,500,500
59656000,956,500,500
206496404,957,500,500
207491443,958,500,500
116281239,959,500,500
219432571,960,500,500
27489586,961,500,500
287488930,962,500,500
183306102,963,500,500
192850384,964,500,500
230235775,965,500,500
165530589,966,500,500
198313420,967,500,500
232979974,968,500,500
178241984,969,500,500
78014053,970,500,500
148781504,971,500,500
461086188,972,500,500
350142099,973,500,500
255929154,974,500,500
372848247,975,500,500
236874149,976,500,500
60074959,977,500,500
423236614,978,500,500
355935333,979,500,500
138618648,980,500,500
385445333,981,500,500
238022708,982,500,500
147680159,983,500,500
441662762,984,500,500
160083748,985,500,500
310995878,986,500,500
165597292,987,500,500
55481273,988,500,500
341705385,989,500,500
320323745,990,500,500
405902579,991,500,500
159210154,992,500,500
295798308,993,500,500
137833304,994,500,500
229943561,995,500,500
388566007,996,500,500
276832928,997,500,500
148909368,998,500,500
144143255,999,500,500
408094501,1000,500,500
