tic,seed_iteration,period_days,epoch_btjd,duration_days,depth,radius_earth_estimate,irradiation_earth_estimate,nominal_training_snr,holdout_nominal_snr,holdout_events,flags,target_vetting_note
101955023,1,34.59627296651515,1555.412108827122,0.24903945125552032,0.0012684795266336636,0.7622744971654134,0.24432157183540038,11.224066485212074,-1.65271874343027,2,fewer_than_three_training_events;long_relative_to_circular_transit;not_recovered_in_sector_holdout;inconsistent_holdout_depth_signs,
101955023,2,43.8434361540311,1568.254594425581,0.24853709647491606,0.00099074992006009,0.6736769406554503,0.17815367627442993,9.655779503254418,0.0,0,outside_nominal_optimistic_hz;long_relative_to_circular_transit;insufficient_holdout_events,
142748283,1,30.100282974936928,1689.7288083987507,0.24704080568410713,0.004052681672553635,1.5154490073344187,0.35317254206592014,8.936497446853716,0.7945082004767143,1,long_relative_to_circular_transit;insufficient_holdout_events,
142748283,2,13.37438189226312,1683.607175585182,0.24702021677605343,0.0024968640909106715,1.1895084544201961,1.041636227696351,8.647366383133244,-0.7226296907250189,5,long_relative_to_circular_transit;not_recovered_in_sector_holdout;inconsistent_holdout_depth_signs,
147670988,1,47.657602404747486,1694.347822850259,0.21985268612489578,0.0005616349945482929,1.2214696105984828,0.7365648378979289,12.272766562151803,0.0,0,insufficient_holdout_events,
147670988,2,45.28147742209013,1689.508522293681,0.18288453835445592,0.00031064214542117524,0.9084180917176209,0.7885449434858347,8.166271786723941,1.2425256832224343,1,insufficient_holdout_events,
150428135,1,68.56438950989052,1372.7037350910339,0.25034107694345087,0.00038805094913159165,0.8883989046792385,0.380547372744914,8.914049845770451,-0.26913142290806774,1,insufficient_holdout_events,
150428135,2,47.98478726220531,1325.6519365423674,0.24811027986984796,0.00038873425466883605,0.8891807361562692,0.6124473797600148,8.754895682272291,0.04536752190267111,8,long_relative_to_circular_transit;not_recovered_in_sector_holdout;inconsistent_holdout_depth_signs;known_period_or_harmonic_requires_ephemeris_review,
198385543,1,81.02246566270713,1838.4869667350063,0.24857076603249814,0.002134324279205215,2.038098433860267,0.3013723879656114,10.7964892141604,-0.47655150859789036,2,fewer_than_three_training_events;outside_initial_small_planet_radius_range;not_recovered_in_sector_holdout;inconsistent_holdout_depth_signs,
198385543,2,74.56758068993487,1832.9696137822202,0.2476834436396539,0.0020106591303816258,1.9781725816087892,0.3366490005263938,10.168541869088438,1.1701745093331914,1,fewer_than_three_training_events;insufficient_holdout_events,
198485881,1,46.67479406277721,1683.5915845241298,0.24656521477263227,0.00330215161255509,1.9326927116599402,0.39449847774276453,10.380493811247833,-1.7032811252155478,2,dominated_by_one_event;long_relative_to_circular_transit;not_recovered_in_sector_holdout;inconsistent_holdout_depth_signs,
198485881,2,74.52569228813908,1701.1246634074794,0.24910899121151095,0.0019151283006442026,1.4718489463689424,0.21138809273991918,7.321734972226009,0.2882925104901339,2,outside_nominal_optimistic_hz;long_relative_to_circular_transit;not_recovered_in_sector_holdout;inconsistent_holdout_depth_signs,
200322593,1,6.504730295916041,1415.9001643391723,0.24795670152216412,0.0009594812439420238,0.5614872779474636,1.5133341709225876,17.735352835430497,-1.1261916016558382,8,outside_nominal_optimistic_hz;long_relative_to_circular_transit;not_recovered_in_sector_holdout;inconsistent_holdout_depth_signs,
200322593,2,6.506781153266189,1415.824138948155,0.24798179160141087,0.0014959684487732294,0.701104723080757,1.5126982252559875,19.24354581709409,-1.077901735596869,8,outside_nominal_optimistic_hz;long_relative_to_circular_transit;not_recovered_in_sector_holdout;inconsistent_holdout_depth_signs,
207492082,1,46.664769990932214,1765.3555479487916,0.1844403627079674,0.00032850201725020863,0.6333336836947784,0.4687613932854408,14.357538812634914,-1.700171865798487,1,insufficient_holdout_events,
207492082,2,43.8631451088259,1758.3838909527194,0.24790250468795577,0.00019546521970403245,0.48853795718814436,0.5091014309496024,11.752887907628093,-1.8662278920830107,1,outside_initial_small_planet_radius_range;long_relative_to_circular_transit;insufficient_holdout_events;known_period_or_harmonic_requires_ephemeris_review,
219041246,1,27.56307108167911,1761.8764168375303,0.24817742083936212,0.004148886770981415,1.885012233343484,0.527785650973897,12.507688566267289,0.0,0,long_relative_to_circular_transit;insufficient_holdout_events,
219041246,2,14.204464803716933,1745.7770119052282,0.2474540453208509,0.0022408065489380397,1.3853214676870684,1.2774028640903226,9.456930978497086,4.06339065185401,4,long_relative_to_circular_transit;not_recovered_in_sector_holdout,
219244444,1,10.62962799074664,1392.8244579544662,0.02,0.11817666900139268,6.081272641702745,1.8372354932231003,207.60452432849448,114.68479665782259,4,outside_initial_small_planet_radius_range;outside_nominal_optimistic_hz,
219244444,2,10.629620728410513,1387.3591246211327,0.02,0.11620023434054548,6.0302053859366,1.8372371668636507,203.81340218868056,86.87533870009688,2,outside_initial_small_planet_radius_range;outside_nominal_optimistic_hz,
219780306,1,93.07280954817496,1697.5537105593564,0.29665608595579757,0.0005164239110978016,1.3747588487124016,0.4998072203754555,27.999734062114015,-9.165291700012569,1,dominated_by_one_event;odd_even_discrepancy;insufficient_holdout_events,
219780306,2,99.40425179112141,1727.6077149876746,0.3032386846396063,0.0006307535529794102,1.5193338200977564,0.45781815419922733,28.10608679269178,-2.4957264038392135,2,not_recovered_in_sector_holdout;inconsistent_holdout_depth_signs,
219860288,1,56.21483460922086,1743.3506359650917,0.24883561250893668,0.0016941804819006294,1.3483873811082239,0.24351406534487183,8.24183358507454,1.3119314347762554,2,dominated_by_one_event;long_relative_to_circular_transit;not_recovered_in_sector_holdout;inconsistent_holdout_depth_signs,
219860288,2,52.417205923303555,1749.8007174804575,0.24736910232889367,0.001515229256443922,1.2751874095105427,0.2673171430480478,7.444202026695863,0.44606346124838747,1,long_relative_to_circular_transit;insufficient_holdout_events,
219875976,1,91.94765275592674,1700.4593785642599,0.2471067390990093,0.0021731068488061076,1.8529150622284558,0.20281516932066382,10.374253182239809,0.5572081112887137,1,dominated_by_one_event;odd_even_discrepancy;outside_nominal_optimistic_hz;insufficient_holdout_events,
219875976,2,46.84027168865524,1715.36079899799,0.2490444430044747,0.0018407212564659399,1.7053321714131628,0.4984964729303135,9.869280707407034,0.8183677409239188,3,long_relative_to_circular_transit;not_recovered_in_sector_holdout;inconsistent_holdout_depth_signs,
220479565,1,72.29391432292923,1435.7349717731279,0.2501558656505141,0.05386067443134091,9.85823309525754,0.34537238915013363,20.504168013609878,1.1391922229111378,5,fewer_than_three_training_events;dominated_by_one_event;outside_initial_small_planet_radius_range;not_recovered_in_sector_holdout,
220479565,2,99.75825486615364,1415.7893650628573,0.24685255742072273,0.04116203876115077,8.61810195706762,0.224814754692883,14.041439075424838,-0.4646271315218507,2,fewer_than_three_training_events;dominated_by_one_event;outside_initial_small_planet_radius_range;not_recovered_in_sector_holdout;inconsistent_holdout_depth_signs,
230073581,1,67.88394882251892,1720.91170003609,0.184,0.0005399658144307232,1.5909783184981177,1.0540659926240996,29.782524734112396,2.4216945417387143,3,fewer_than_three_training_events;dominated_by_one_event;not_recovered_in_sector_holdout,
230073581,2,72.96013092235737,1735.7610688760258,0.30175021595643003,0.0003057915189498405,1.19727481388921,0.9574360862138902,25.545609630068675,-3.30843772673171,3,odd_even_discrepancy;not_recovered_in_sector_holdout;inconsistent_holdout_depth_signs,
233602827,1,68.86684114271043,1709.0345816544896,0.27570427826218546,0.0014955764255960033,2.343747794086713,0.9270369344277803,8.864405399592307,0.0,0,outside_initial_small_planet_radius_range;insufficient_holdout_events,
233602827,2,88.48694992078494,1751.8843304816842,0.2459326985371386,0.0014683226260544012,2.3222946219908995,0.6636487595753542,8.56808314636509,0.13712778778189819,1,outside_initial_small_planet_radius_range;insufficient_holdout_events,
235678745,1,66.93117315657835,1738.8742410728714,0.24885625291907662,0.0008846065798897948,1.4972337073645046,0.6052556996277982,8.502525176999221,-1.9978915827004662,2,fewer_than_three_training_events;dominated_by_one_event;not_recovered_in_sector_holdout;inconsistent_holdout_depth_signs,
235678745,2,74.9014714868208,1729.891652455513,0.2519061866250938,0.0007971535184624111,1.4212991516552902,0.520942357646582,8.165482841318637,-0.6478511133451017,4,not_recovered_in_sector_holdout;inconsistent_holdout_depth_signs,
235683377,1,55.268047049607944,1717.3543667440508,0.12621522230060556,0.004211785664123657,2.0338954066727455,0.24701146311554117,9.02871828908722,-0.7567385921247058,3,fewer_than_three_training_events;dominated_by_one_event;outside_initial_small_planet_radius_range;not_recovered_in_sector_holdout,
235683377,2,38.98624509428514,1699.9422297748752,0.088,0.001725214606128262,1.3017184118586087,0.3933695340238522,7.097342418599832,0.4885113855353124,2,not_recovered_in_sector_holdout;inconsistent_holdout_depth_signs,
24108819,1,6.412391533016991,1960.3066111785413,0.24776572030566862,0.0019487811702922396,0.5495408440548673,0.6130677292691301,8.040164810266168,-1.1465900689750206,4,long_relative_to_circular_transit;not_recovered_in_sector_holdout;inconsistent_holdout_depth_signs,
24108819,2,11.92604225882974,1960.985752238167,0.18445075342448852,0.0025554013946139397,0.6292859028069947,0.2680443807060198,7.1725976417226205,1.318362418845354,2,long_relative_to_circular_transit;not_recovered_in_sector_holdout,
259168516,1,29.489447139890242,1704.1098066381912,0.2468413657258973,0.001794206398522977,0.8418237542127249,0.2613203434278804,8.371408622006657,0.7056676819406908,4,long_relative_to_circular_transit;not_recovered_in_sector_holdout,
259168516,2,26.22302648524353,1695.7912295425829,0.2469611952146868,0.0019470330184823228,0.8769435415986105,0.3055987988607211,7.991955260541978,-0.7838019783306543,4,long_relative_to_circular_transit;not_recovered_in_sector_holdout;inconsistent_holdout_depth_signs,
259233660,1,89.83593538588998,1710.0609609637083,0.24607955384809868,0.006716210443831195,3.2753432578995865,0.2047018513936347,10.953920551439603,0.6739979704463779,2,fewer_than_three_training_events;dominated_by_one_event;outside_initial_small_planet_radius_range;outside_nominal_optimistic_hz;not_recovered_in_sector_holdout;inconsistent_holdout_depth_signs,
259233660,2,77.2042288677582,1739.0179728588057,0.25067095740116224,0.0021998937124040763,1.8745434975068913,0.250534252498498,7.867145916662327,-1.4942725371050116,1,insufficient_holdout_events,
260004324,1,65.05065007605126,1357.098158276035,0.25401471938955444,0.0011484038914199462,1.8576531684186843,0.5982574877179855,14.952670644816335,-0.14761171511876306,4,fewer_than_three_training_events;dominated_by_one_event;not_recovered_in_sector_holdout;inconsistent_holdout_depth_signs,
260004324,2,80.7073517658888,1325.53815333926,0.27294560897616177,0.0006808782951461,1.4303820449483287,0.44875179770971574,11.146040571119226,-1.0076076698755063,1,fewer_than_three_training_events;dominated_by_one_event;insufficient_holdout_events,
260708537,1,95.94380305992753,1414.9615248549078,0.2505536885137738,0.0003762653708148755,0.8917493650167772,0.24269758630727187,11.072368714323042,0.0,0,dominated_by_one_event;insufficient_holdout_events,
260708537,2,27.65805264935795,1325.5563980448287,0.248278829559824,0.0002143209692704353,0.6730200708187268,1.2744590848188055,10.940660077539338,-0.27641786023659415,5,long_relative_to_circular_transit;not_recovered_in_sector_holdout;inconsistent_holdout_depth_signs,
271971130,1,39.50487835737418,1333.901277737412,0.18379504930456872,0.003554513887189768,1.295557735781755,0.19027105790721835,9.232434527356947,0.9709565114710544,6,odd_even_discrepancy;outside_nominal_optimistic_hz;long_relative_to_circular_transit;not_recovered_in_sector_holdout,
271971130,2,21.942126380457456,1346.820989517153,0.2470083832416523,0.0016161165909597552,0.8735806556128209,0.4167434235690803,8.082357185496567,2.710866154212157,6,odd_even_discrepancy;long_relative_to_circular_transit;not_recovered_in_sector_holdout,
272232401,1,75.47307928064507,1427.530895875446,0.24821651816005808,0.009337121498989508,3.977969445488893,0.26238892498134186,177.97681710998853,-10.963798679407276,2,fewer_than_three_training_events;dominated_by_one_event;outside_initial_small_planet_radius_range;not_recovered_in_sector_holdout;inconsistent_holdout_depth_signs,
272232401,2,91.57509695582466,1398.9233308179826,0.24669324439771398,0.0033731719230434692,2.3909702719246955,0.20275196718365895,93.99577972823973,1.3004844454453823,2,odd_even_discrepancy;outside_initial_small_planet_radius_range;outside_nominal_optimistic_hz;not_recovered_in_sector_holdout,
274626553,1,12.6719276120471,1958.5279149843764,0.18451336974654298,0.0005954165471432182,0.4929419356610278,0.7017821794749056,8.755481748730245,-2.49070419702903,2,outside_initial_small_planet_radius_range;long_relative_to_circular_transit;not_recovered_in_sector_holdout;inconsistent_holdout_depth_signs,
274626553,2,14.80455793678875,1958.2999263520667,0.18431506441816822,0.0004120402641319311,0.4100673055686514,0.5703375799118949,7.17262408752907,1.5616129817411073,4,outside_initial_small_planet_radius_range;long_relative_to_circular_transit;not_recovered_in_sector_holdout;inconsistent_holdout_depth_signs,
277634430,1,16.747573164196485,1584.6373551025392,0.1831501604211648,0.0010230481793408466,0.740452991587362,0.7589763065607018,7.787960039004908,-1.2723820868896902,4,long_relative_to_circular_transit;not_recovered_in_sector_holdout;inconsistent_holdout_depth_signs,
277634430,2,11.10891355484171,1576.2493897438485,0.04133333333333333,0.0015504554118249067,0.9115470487594154,1.3120043665038155,7.137234527627369,1.2675689768473968,4,not_recovered_in_sector_holdout,
286201103,1,18.29076064400916,1712.2767387828148,0.24899098939791958,0.0009719846658236259,0.697906359208844,0.4961773868859666,6.8866906998760316,-0.8444653357733898,3,long_relative_to_circular_transit;low_nominal_training_snr;not_recovered_in_sector_holdout;inconsistent_holdout_depth_signs,
286201103,2,31.78312971439209,1727.6924344836439,0.02,0.0037952396416475556,1.3790723485796565,0.2375110260335172,6.473654565931219,-0.16715392718020486,2,low_nominal_training_snr;not_recovered_in_sector_holdout;inconsistent_holdout_depth_signs,
298074836,1,28.929878491878153,1696.099096759046,0.24904448156358663,0.003429085299988854,1.246916418303159,0.33418824525085905,9.25430816257103,3.2252454198111016,1,long_relative_to_circular_transit;insufficient_holdout_events,
298074836,2,18.34475879801694,1700.3933201755508,0.18498955722752458,0.0013330436206669583,0.7774462616157527,0.6134379523041896,6.371439750463581,1.329465761227525,5,long_relative_to_circular_transit;low_nominal_training_snr;not_recovered_in_sector_holdout,
299798795,1,50.534892906823075,1367.8888513024044,0.2503351985554375,0.004910254157732885,3.030126501093103,0.47825797997638486,36.1287419769724,1.6743808733434866,2,fewer_than_three_training_events;dominated_by_one_event;odd_even_discrepancy;outside_initial_small_planet_radius_range;not_recovered_in_sector_holdout;inconsistent_holdout_depth_signs,
299798795,2,44.80173225365445,1329.938384630117,0.19140778955793708,0.003516944538484906,2.564434042856283,0.5615532560290082,26.379872458305318,0.0,0,outside_initial_small_planet_radius_range;insufficient_holdout_events,
307210830,1,52.60509298095477,1393.9961203396454,0.1259935959621006,0.0005636340640779808,0.7595910244729587,0.3066005157083,11.46225507550312,0.8953041916138297,5,not_recovered_in_sector_holdout,
307210830,2,74.64002173660674,1426.1682696756952,0.1840519835598244,0.0004484677528450959,0.6775585319297617,0.19230072790294056,10.816305966844558,-1.137801686267788,1,outside_nominal_optimistic_hz;insufficient_holdout_events,
321669174,1,99.21677169622986,1755.4580810526077,0.29635292720057793,0.0016337633669839624,2.264256013412829,0.41076597382199787,10.933829593627053,0.0,0,fewer_than_three_training_events;dominated_by_one_event;outside_initial_small_planet_radius_range;insufficient_holdout_events,
321669174,2,50.61154385330084,1731.304335953678,0.24893480403074034,0.0008223555568335466,1.6064261627372178,1.0078018165134488,8.433233140892929,0.819082407533066,2,not_recovered_in_sector_holdout;inconsistent_holdout_depth_signs,
322391844,1,32.38575900237844,1761.7051867936466,0.24707586707658816,0.0004912431025166871,0.7115561079415516,0.4876331485138268,8.616563284851791,-2.1285119504854295,3,long_relative_to_circular_transit;not_recovered_in_sector_holdout;inconsistent_holdout_depth_signs,
322391844,2,15.919517401806765,1746.2982617486557,0.24869363903761843,0.00042121407417530955,0.6588891486989624,1.2569715929494787,8.302620362128641,-0.6066245307682558,6,long_relative_to_circular_transit;not_recovered_in_sector_holdout;inconsistent_holdout_depth_signs,
352617553,1,29.367551847909066,1735.451281171143,0.24721705468209731,0.0011241940424405786,0.6041129864109887,0.1754013317939524,14.720260923852168,1.5223475441196577,1,dominated_by_one_event;odd_even_discrepancy;outside_nominal_optimistic_hz;long_relative_to_circular_transit;insufficient_holdout_events,hour-scale variability alias; trial period rejected as evidence for a temperate planet
352617553,2,6.592062433941083,1713.342225770011,0.030666666666666665,0.0014891708740328502,0.6952961085420072,1.2857645952009178,14.969538375224781,5.321700624329456,7,,hour-scale variability alias; trial period rejected as evidence for a temperate planet
356016119,1,83.98917463660484,1751.8481353011043,0.1715667464040447,0.002293417493345858,1.9087454404376063,0.2331752499525491,9.132281136601243,-0.33798098447169095,2,fewer_than_three_training_events;not_recovered_in_sector_holdout;inconsistent_holdout_depth_signs,
356016119,2,94.39008590709672,1762.1543918610284,0.24972391314062742,0.0013021599026113106,1.4382640036345615,0.1995622355842501,7.9634144844277905,0.6984596296448441,2,outside_nominal_optimistic_hz;not_recovered_in_sector_holdout;inconsistent_holdout_depth_signs,
364074068,1,63.84474272000807,1777.8535029383897,0.268991790072009,0.0014757194797851388,2.3323315353253338,0.8318352522907936,9.284293971427385,-1.656236494736067,3,outside_initial_small_planet_radius_range;not_recovered_in_sector_holdout,
364074068,2,39.93985031328296,1775.1063669101313,0.2477567443086131,0.0017043127961996905,2.506473005859331,1.5547560869312256,8.646860502502008,-0.8792736627763827,3,outside_initial_small_planet_radius_range;outside_nominal_optimistic_hz;not_recovered_in_sector_holdout;inconsistent_holdout_depth_signs,
372207328,1,17.84419001824808,1750.1133022157937,0.18345797646358042,0.0008970438339746524,0.8895888368635595,1.0684679614794026,7.881957122507985,-1.8465926437232785,4,long_relative_to_circular_transit;not_recovered_in_sector_holdout;inconsistent_holdout_depth_signs,
372207328,2,39.117106051521255,1761.5291276712321,0.24914611116220609,0.0005673053340021592,0.7074421392570032,0.3752047547031129,7.534518688994185,-1.5094202161404815,1,long_relative_to_circular_transit;insufficient_holdout_events,
377293776,1,69.14978655373947,1692.4893266758893,0.248551231786616,0.0006334232598421556,1.2944387291227692,0.407488025343403,10.416606797778222,2.0171873947343975,1,insufficient_holdout_events,
377293776,2,60.13184806203474,1734.3501787373455,0.24940801754189995,0.0004247767177928094,1.0600219230843075,0.49094168344322753,10.032820601335226,0.0,0,dominated_by_one_event;insufficient_holdout_events,
379084450,1,56.1481857609368,1814.0324792380377,0.246261714250085,0.00046046431208167507,1.080220714797369,0.5508709828222113,23.711980547138367,2.3958772220876545,1,fewer_than_three_training_events;dominated_by_one_event;insufficient_holdout_events,
379084450,2,60.68313804962708,1803.6764162971708,0.24670334791252235,0.00025808205931812363,0.808711131268204,0.496676363411132,16.9801494418859,-0.8544721279161223,1,dominated_by_one_event;odd_even_discrepancy;insufficient_holdout_events,
389900760,1,43.70073896832547,1791.567384737305,0.24742186518655127,0.005300600900978411,1.6695346445009747,0.17822393197675437,10.867638597089307,-0.23824579098833498,2,fewer_than_three_training_events;dominated_by_one_event;outside_nominal_optimistic_hz;long_relative_to_circular_transit;not_recovered_in_sector_holdout;inconsistent_holdout_depth_signs,
389900760,2,7.697246971810437,1794.9826642210007,0.08778604003793826,0.0021041516024823247,1.0518925908157464,1.8051106701960538,6.374889190763615,0.8378585015335378,9,outside_nominal_optimistic_hz;long_relative_to_circular_transit;low_nominal_training_snr;not_recovered_in_sector_holdout,
396562848,1,41.55750427294871,1801.564878610111,0.24748419153489906,0.001265009583175195,0.9010491481752981,0.29331867598068534,11.723495255028004,-0.6753917517765236,1,fewer_than_three_training_events;long_relative_to_circular_transit;insufficient_holdout_events,
396562848,2,41.136814849599396,1791.3270296052178,0.24664716381797666,0.0010376011020905756,0.8160500295353453,0.29732501140446305,9.641828688100002,-2.7834520470321396,2,long_relative_to_circular_transit;not_recovered_in_sector_holdout;inconsistent_holdout_depth_signs,
420112589,1,53.18850378875048,1724.1965831935006,0.24843715018608808,0.004937155581824389,1.9105189135121314,0.1918853437040471,17.40767978639418,2.136735187924341,2,dominated_by_one_event;odd_even_discrepancy;outside_nominal_optimistic_hz;long_relative_to_circular_transit;not_recovered_in_sector_holdout,
420112589,2,38.98693543127827,1713.2207393074705,0.24776226096342943,0.0025001477688823786,1.3595518458870905,0.290339887460589,10.572307960155861,1.1150204408664297,6,long_relative_to_circular_transit;not_recovered_in_sector_holdout,
420130591,1,14.242433412197604,1683.7192592200827,0.24834753258468123,0.0004420283836475698,0.2869780494421456,0.26577744634755185,7.968136807808563,-1.5196179446342093,12,outside_initial_small_planet_radius_range;long_relative_to_circular_transit;not_recovered_in_sector_holdout;inconsistent_holdout_depth_signs,
420130591,2,16.82423204424441,1697.5608987241517,0.12802365333678525,0.0006945951405170948,0.3597406135899443,0.2128384340857875,7.142600145279116,-0.33476134014853626,8,outside_initial_small_planet_radius_range;long_relative_to_circular_transit;not_recovered_in_sector_holdout;inconsistent_holdout_depth_signs,
422756130,1,88.53739089187835,1791.026827491853,0.2858573360704706,0.0012727783354864318,2.002410408002035,0.3998706395504703,12.197079498283212,1.202088256743831,1,dominated_by_one_event;odd_even_discrepancy;outside_initial_small_planet_radius_range;insufficient_holdout_events,
422756130,2,73.94624027347926,1861.133162542985,0.26920582890497813,0.0007678033555348052,1.5552553703597665,0.5083939182957878,8.345234932478244,0.0,0,insufficient_holdout_events,
428238233,1,28.82605308016505,1738.9439351499936,0.18413472636948824,0.0010779342507345547,1.4412382400782051,0.9369710127383756,13.16261366094285,2.4262458725379044,2,dominated_by_one_event;not_recovered_in_sector_holdout,
428238233,2,41.945670256683094,1746.3966508699777,0.1892459744226368,0.0006041615715465815,1.0789869444683493,0.5682291990638665,8.032438118974914,0.0,0,dominated_by_one_event;insufficient_holdout_events,
445064836,1,13.70687244026973,1842.9578817685913,0.24752523908476284,0.0011379166611243724,0.4714968390823957,0.2875410581427469,9.124113244157352,-1.7821646789784062,2,outside_initial_small_planet_radius_range;long_relative_to_circular_transit;not_recovered_in_sector_holdout;inconsistent_holdout_depth_signs,
445064836,2,4.10376640688389,1846.1741885520987,0.18617355965387178,0.0005948120824792137,0.3408893617915081,1.435624469451251,7.828184988483855,0.32646631895306727,6,outside_initial_small_planet_radius_range;long_relative_to_circular_transit;not_recovered_in_sector_holdout,
467179528,1,25.853833975926936,1693.4852286002797,0.24668250342682116,0.0005956349716108055,1.1486321084885829,1.7033179066158826,8.418539822539504,0.5514476225962363,3,outside_nominal_optimistic_hz;long_relative_to_circular_transit;not_recovered_in_sector_holdout,
467179528,2,90.9215720900806,1747.9873462841208,0.2500806205791046,0.0009121930841544451,1.421458698821205,0.31849777624527237,7.552990934407314,0.0,0,fewer_than_three_training_events;dominated_by_one_event;insufficient_holdout_events,
55650590,1,68.05661428472256,1354.1593048331738,0.24657603063308126,0.002880898752189592,1.9693225908772654,0.25110508407002863,10.682163205911145,1.1113161451607307,3,fewer_than_three_training_events;dominated_by_one_event;not_recovered_in_sector_holdout,
55650590,2,43.46219225432456,1337.8581204161533,0.2470091134128542,0.0011529278071156894,1.2458160513668792,0.4565977714919942,8.432185652108585,-1.339985128823456,4,long_relative_to_circular_transit;not_recovered_in_sector_holdout;inconsistent_holdout_depth_signs,
63126862,1,33.00988038697248,1692.505297812044,0.24809474345956534,0.004218458336677159,1.0354838401431643,0.1907632971237195,7.100239595774085,-0.12503333262294505,3,outside_nominal_optimistic_hz;long_relative_to_circular_transit;not_recovered_in_sector_holdout,
63126862,2,27.496477384067138,1690.0066714459897,0.18295923129953692,0.0049192730771163646,1.118193360897356,0.24339818866664878,6.726374092102515,-1.000345774576442,3,long_relative_to_circular_transit;low_nominal_training_snr;not_recovered_in_sector_holdout;inconsistent_holdout_depth_signs,
79611981,1,7.8515886314963845,1388.9054219721054,0.1837931936398161,0.00019726635714445892,0.194779757614428,0.5974800314710795,7.254719688490414,-0.3786080120700657,9,outside_initial_small_planet_radius_range;long_relative_to_circular_transit;not_recovered_in_sector_holdout;inconsistent_holdout_depth_signs,
79611981,2,14.210154676404887,1388.4884137428573,0.12820658076320846,0.0002974343220657783,0.23917338477633443,0.27089544645771774,7.206066386945137,0.7531567915131119,3,outside_initial_small_planet_radius_range;long_relative_to_circular_transit;not_recovered_in_sector_holdout,
8348911,1,18.640187252519993,1972.4864114187728,0.24825350724949946,0.0050888157750528015,1.8150051982947453,0.7006466452133381,10.22278784538465,-2.0655374195021796,1,long_relative_to_circular_transit;insufficient_holdout_events,
8348911,2,40.501673691176904,1975.4305397172209,0.2493529415356895,0.004675857394627295,1.7398032489955975,0.2489633662466692,8.726926293889951,0.0,0,long_relative_to_circular_transit;insufficient_holdout_events,
